Workbook

Sheet emission data
A1: General information | J1: Application | O1: Slurry information | R1: Soil information | W1: Emission | AA1: Application notes
A2: Source | B2: Separation method | C2: Separation scale | D2: Slurry source | E2: Fraction | F2: FractionA | G2: Emission measuring method | H2: Duration (h) | I2: Set | J2: Application method | K2: Amount (ton/ha) | L2: Temperature at application (°C) | M2: Average temperature (°C) | N2: Precipitation during measurements (mm) | O2: Dry matter (%) | P2: pH | Q2: Total ammoniacal nitrogen (TAN) (g/kg) | R2: Type | S2: Clay content (%) | T2: Crop | U2: Dry bulk density (g/cm3) | V2: Gravimetric water content (g/g) | W2: Emission (% applied total ammoniacal nitrogen) | X2: Emission (% initial raw total ammoniacal nitrogen) | Y2: Source of emission data in original publication | Z2: Experiment ID in original publication | AA2: Notes
A3: source | B3: sep.meth | C3: sep.scale | D3: slurry.source | E3: frac.stud | F3: frac.studA | G3: meas.meth | H3: duration | I3: set | J3: app.meth | K3: amount | L3: temp.app | M3: temp.avg | N3: pres | O3: DM | P3: pH | Q3: TAN | R3: soil.type | S3: soil.clay | T3: crop | U3: soil.dens | V3: soil.water | W3: emis.perc | X3: emis.ini | Y3: emis.source | Z3: emis.ID | AA3: notes
A4: Amon et al. (2006) | C4: full | D4: cattle | E4: raw | F4: raw | G4: dynamic chambers | H4: 48 | I4: 1 | J4: trailing hose | K4: 40 | N4: 0 | O4: 5.7 | P4: 7.8 | Q4: 1.82 | T4: grass | W4: =(185.8/1000)/1.82*100 -> 10.208791 | Y4: Calculation based on Table 2 and 3. | Z4: Untreated and Separated | AA4: Only measurements for 48 h
A5: Amon et al. (2006) | B5: screw press | C5: full | D5: cattle | E5: lf | F5: lf | G5: dynamic chambers | H5: 48 | I5: 1 | J5: trailing hose | K5: 40 | N5: 0 | O5: 4.1 | P5: 7.88 | Q5: 1.73 | T5: grass | W5: =(75.8/1000)/1.73*100 -> 4.3815029 | Y5: Calculation based on Table 2 and 3. | Z5: Untreated and Separated | AA5: Only measurements for 48 h
A6: Amon et al. (2006) | B6: screw press | C6: full | D6: cattle | E6: sf | F6: sf | G6: dynamic chambers | I6: 1 | N6: 0
A7: Andersson et al. (2023) | C7: full | D7: cattle | E7: raw | F7: raw | G7: dynamic chambers | H7: 70 | I7: 1 | J7: trailing hose | K7: 35 | M7: 19.1 | N7: 0 | O7: 9 | P7: 6.8 | Q7: 1.9 | R7: silty clay | S7: 43 | T7: grass | U7: 1.05 | W7: 28.7 | Y7: Manuscript draft from K. Andersson 16 Sep 2021 to jp@bce.au.dk. | Z7: Experiment 4: Separated and Untreated
A8: Andersson et al. (2023) | B8: screw press | C8: full | D8: cattle | E8: lf | F8: lf | G8: dynamic chambers | H8: 70 | I8: 1 | J8: trailing hose | K8: 35 | M8: 20.1 | N8: 0 | O8: 4.6 | P8: 7.1 | Q8: 2 | R8: silty clay | S8: 43 | T8: grass | U8: 1.05 | W8: 23.1 | Y8: Manuscript draft from K. Andersson 16 Sep 2021 to jp@bce.au.dk. | Z8: Experiment 4: Separated and Untreated
A9: Balsari et al. (2008a) | C9: full | D9: pig | E9: raw | F9: raw | G9: dynamic chambers | H9: 120 | I9: 1 | J9: broadcast | K9: =70/4.3 -> 16.27907 | M9: 18.4 | N9: 0 | O9: 3.5 | P9: 7.8 | Q9: 3 | R9: loamy sand | T9: grass | W9: =21/0.7 -> 30 | Y9: Read of Fig. 2 | Z9: All three fractions, Schmidt tunnels with airflow of 0.6 m/s | AA9: Amounts (ton/ha) are calculated based on applicatoin rate of 70 kgN/ha and info in Table 1. Unsure if it should be TAN. Emission is calulated from read of Fig 2. and the TAN/TKN ratio in Table 1. Did not include data with air speed of ~0 m/s as it has been shown that static chambers are not usefull for NH3 measurements. Unknown application method, assumed broadcast.
A10: Balsari et al. (2008a) | B10: screw press | C10: full | D10: pig | E10: lf | F10: lf | G10: dynamic chambers | H10: 120 | I10: 1 | J10: broadcast | K10: =70/4 -> 17.5 | M10: 18.4 | N10: 0 | O10: 2.4 | P10: 8 | Q10: 3 | R10: loamy sand | T10: grass | W10: =14/0.75 -> 18.666667 | Y10: Read of Fig. 2 | Z10: All three fractions, Schmidt tunnels with airflow of 0.6 m/s | AA10: Amounts (ton/ha) are calculated based on applicatoin rate of 70 kgN/ha and info in Table 1. Unsure if it should be TAN. Emission is calulated from read of Fig 2. and the TAN/TKN ratio in Table 1. Did not include data with air speed of ~0 m/s as it has been shown that static chambers are not usefull for NH3 measurements. Unknown application method, assumed broadcast.
A11: Balsari et al. (2008a) | B11: screw press | C11: full | D11: pig | E11: sf | F11: sf | G11: dynamic chambers | H11: 120 | I11: 1 | J11: broadcast | K11: =70/7.2 -> 9.7222222 | M11: 18.4 | N11: 0 | O11: 23.2 | P11: 8.4 | Q11: 3.3 | R11: loamy sand | T11: grass | W11: =19/0.45 -> 42.222222 | Y11: Read of Fig. 2 | Z11: All three fractions, Schmidt tunnels with airflow of 0.6 m/s | AA11: Amounts (ton/ha) are calculated based on applicatoin rate of 70 kgN/ha and info in Table 1. Unsure if it should be TAN. Emission is calulated from read of Fig 2. and the TAN/TKN ratio in Table 1. Did not include data with air speed of ~0 m/s as it has been shown that static chambers are not usefull for NH3 measurements. Unknown application method, assumed broadcast.
A12: Balsari et al. (2008a) | C12: full | D12: pig | E12: raw | F12: raw | G12: dynamic chambers | H12: 120 | I12: 2 | J12: broadcast | K12: =70/3.6 -> 19.444444 | M12: 11.4 | N12: 0 | O12: 3.5 | P12: 7.8 | Q12: 2 | R12: loamy sand | T12: grass | W12: =23/0.56 -> 41.071429 | Y12: Read of Fig. 2 | Z12: All three fractions, Schmidt tunnels with airflow of 0.6 m/s | AA12: Amounts (ton/ha) are calculated based on applicatoin rate of 70 kgN/ha and info in Table 1. Unsure if it should be TAN. Emission is calulated from read of Fig 2. and the TAN/TKN ratio in Table 1. Did not include data with air speed of ~0 m/s as it has been shown that static chambers are not usefull for NH3 measurements. Unknown application method, assumed broadcast.
A13: Balsari et al. (2008a) | B13: screw press | C13: full | D13: pig | E13: lf | F13: lf | G13: dynamic chambers | H13: 120 | I13: 2 | J13: broadcast | K13: =70/3.2 -> 21.875 | M13: 11.4 | N13: 0 | O13: 2.1 | P13: 7.8 | Q13: 2.1 | R13: loamy sand | T13: grass | W13: =12/0.66 -> 18.181818 | Y13: Read of Fig. 2 | Z13: All three fractions, Schmidt tunnels with airflow of 0.6 m/s | AA13: Amounts (ton/ha) are calculated based on applicatoin rate of 70 kgN/ha and info in Table 1. Unsure if it should be TAN. Emission is calulated from read of Fig 2. and the TAN/TKN ratio in Table 1. Did not include data with air speed of ~0 m/s as it has been shown that static chambers are not usefull for NH3 measurements. Unknown application method, assumed broadcast.
A14: Balsari et al. (2008a) | B14: screw press | C14: full | D14: pig | E14: sf | F14: sf | G14: dynamic chambers | H14: 120 | I14: 2 | J14: broadcast | K14: =70/6.8 -> 10.294118 | M14: 11.4 | N14: 0 | O14: 28.9 | P14: 8.2 | Q14: 2.5 | R14: loamy sand | T14: grass | W14: =18/0.37 -> 48.648649 | Y14: Read of Fig. 2 | Z14: All three fractions, Schmidt tunnels with airflow of 0.6 m/s | AA14: Amounts (ton/ha) are calculated based on applicatoin rate of 70 kgN/ha and info in Table 1. Unsure if it should be TAN. Emission is calulated from read of Fig 2. and the TAN/TKN ratio in Table 1. Did not include data with air speed of ~0 m/s as it has been shown that static chambers are not usefull for NH3 measurements. Unknown application method, assumed broadcast.
A15: Balsari et al. (2008b) | C15: full | D15: cattle | E15: raw | F15: raw | G15: dynamic chambers | H15: 120 | I15: 1 | J15: broadcast | K15: =70/3.5 -> 20 | M15: 27.8 | N15: 0 | O15: 5.7 | P15: 7.6 | Q15: 2.1 | R15: loamy sand | T15: grass | W15: =35.2/0.6 -> 58.666667 | Y15: Table 3 | Z15: All three fractions, Schmidt tunnels with airflow of 0.6 m/s | AA15: Amounts (ton/ha) are calculated based on applicatoin rate of 70 kgN/ha and info in Table 2. Unsure if it should be TAN. Emission is calulated from data in Table 3. and the TAN/TKN ratio in Table 2. Did not include data with air speed of ~0 m/s as it has been shown that static chambers are not usefull for NH3 measurements. Unknown application method, assumed broadcast.
A16: Balsari et al. (2008b) | B16: screw press | C16: full | D16: cattle | E16: lf | F16: lf | G16: dynamic chambers | H16: 120 | I16: 1 | J16: broadcast | K16: =70/3.3 -> 21.212121 | M16: 27.8 | N16: 0 | O16: 4.4 | P16: 7.8 | Q16: 2.1 | R16: loamy sand | T16: grass | W16: =32.3/0.64 -> 50.46875 | Y16: Table 3 | Z16: All three fractions, Schmidt tunnels with airflow of 0.6 m/s | AA16: Amounts (ton/ha) are calculated based on applicatoin rate of 70 kgN/ha and info in Table 2. Unsure if it should be TAN. Emission is calulated from data in Table 3. and the TAN/TKN ratio in Table 2. Did not include data with air speed of ~0 m/s as it has been shown that static chambers are not usefull for NH3 measurements. Unknown application method, assumed broadcast.
A17: Balsari et al. (2008b) | B17: screw press | C17: full | D17: cattle | E17: sf | F17: sf | G17: dynamic chambers | H17: 120 | I17: 1 | J17: broadcast | K17: =70/5.1 -> 13.72549 | M17: 27.8 | N17: 0 | O17: 22.8 | P17: 8.7 | Q17: 1.8 | R17: loamy sand | T17: grass | W17: =16.9/0.36 -> 46.944444 | Y17: Table 3 | Z17: All three fractions, Schmidt tunnels with airflow of 0.6 m/s | AA17: Amounts (ton/ha) are calculated based on applicatoin rate of 70 kgN/ha and info in Table 2. Unsure if it should be TAN. Emission is calulated from data in Table 3. and the TAN/TKN ratio in Table 2. Did not include data with air speed of ~0 m/s as it has been shown that static chambers are not usefull for NH3 measurements. Unknown application method, assumed broadcast.
A18: Balsari et al. (2008b) | C18: full | D18: cattle | E18: raw | F18: raw | G18: dynamic chambers | H18: 120 | I18: 2 | J18: broadcast | K18: =70/3.4 -> 20.588235 | M18: 12.5 | N18: 0 | O18: 7.1 | P18: 7.5 | Q18: 1.5 | R18: loamy sand | T18: grass | W18: =23.2/0.44 -> 52.727273 | Y18: Table 3 | Z18: All three fractions, Schmidt tunnels with airflow of 0.6 m/s | AA18: Amounts (ton/ha) are calculated based on applicatoin rate of 70 kgN/ha and info in Table 2. Unsure if it should be TAN. Emission is calulated from data in Table 3. and the TAN/TKN ratio in Table 2. Did not include data with air speed of ~0 m/s as it has been shown that static chambers are not usefull for NH3 measurements. Unknown application method, assumed broadcast.
A19: Balsari et al. (2008b) | B19: screw press | C19: full | D19: cattle | E19: lf | F19: lf | G19: dynamic chambers | H19: 120 | I19: 2 | J19: broadcast | K19: =70/3.2 -> 21.875 | M19: 12.5 | N19: 0 | O19: 4.4 | P19: 7.8 | Q19: 1.7 | R19: loamy sand | T19: grass | W19: =17.5/0.53 -> 33.018868 | Y19: Table 3 | Z19: All three fractions, Schmidt tunnels with airflow of 0.6 m/s | AA19: Amounts (ton/ha) are calculated based on applicatoin rate of 70 kgN/ha and info in Table 2. Unsure if it should be TAN. Emission is calulated from data in Table 3. and the TAN/TKN ratio in Table 2. Did not include data with air speed of ~0 m/s as it has been shown that static chambers are not usefull for NH3 measurements. Unknown application method, assumed broadcast.
A20: Balsari et al. (2008b) | B20: screw press | C20: full | D20: cattle | E20: sf | F20: sf | G20: dynamic chambers | H20: 120 | I20: 2 | J20: broadcast | K20: =70/4.7 -> 14.893617 | M20: 12.5 | N20: 0 | O20: 20.9 | P20: 8.2 | Q20: 1.4 | R20: loamy sand | T20: grass | W20: =13.7/0.3 -> 45.666667 | Y20: Table 3 | Z20: All three fractions, Schmidt tunnels with airflow of 0.6 m/s | AA20: Amounts (ton/ha) are calculated based on applicatoin rate of 70 kgN/ha and info in Table 2. Unsure if it should be TAN. Emission is calulated from data in Table 3. and the TAN/TKN ratio in Table 2. Did not include data with air speed of ~0 m/s as it has been shown that static chambers are not usefull for NH3 measurements. Unknown application method, assumed broadcast.
A21: Bhandral et al. (2009) | C21: full | D21: cattle | E21: raw | F21: raw | G21: dynamic chambers | H21: 264 | I21: 1 | J21: broadcast | K21: 100 | N21: 0 | O21: 6.8 | P21: 6.8 | Q21: 1.3 | R21: silty to sandy loam | T21: none | U21: 1.09 | V21: 0.31 | W21: 37.5 | Y21: Table 3 | Z21: All experiments | AA21: Duration is minimum 11 days = 264 h, the longest exp was 15 d.
A22: Bhandral et al. (2009) | B22: decanter | C22: full | D22: cattle | E22: lf | F22: lf | G22: dynamic chambers | H22: 264 | I22: 1 | J22: broadcast | K22: 120 | N22: 0 | O22: 2.8 | P22: 7 | Q22: 1.2 | R22: silty to sandy loam | T22: none | U22: 1.09 | W22: 39.2 | Y22: Table 3 | Z22: All experiments | AA22: Duration is minimum 11 days = 264 h, the longest exp was 15 d.
A23: Bhandral et al. (2009) | C23: full | D23: cattle | E23: raw | F23: raw | G23: dynamic chambers | H23: 264 | I23: 2 | J23: broadcast | K23: 104 | N23: 0 | O23: 7.2 | P23: 6.8 | Q23: 1.2 | R23: silty to sandy loam | T23: none | U23: 1.09 | V23: 0.36 | W23: 39.3 | Y23: Table 3 | Z23: All experiments | AA23: Duration is minimum 11 days = 264 h, the longest exp was 15 d.
A24: Bhandral et al. (2009) | B24: decanter | C24: full | D24: cattle | E24: lf | F24: lf | G24: dynamic chambers | H24: 264 | I24: 2 | J24: broadcast | K24: 126 | N24: 0 | O24: 2.2 | P24: 7.4 | Q24: 1.1 | R24: silty to sandy loam | T24: none | U24: 1.09 | W24: 38 | Y24: Table 3 | Z24: All experiments | AA24: Duration is minimum 11 days = 264 h, the longest exp was 15 d.
A25: Bhandral et al. (2009) | C25: full | D25: cattle | E25: raw | F25: raw | G25: dynamic chambers | H25: 264 | I25: 3 | J25: broadcast | K25: 109 | N25: 0 | O25: 7 | P25: 7.5 | Q25: 1.1 | R25: silty to sandy loam | T25: none | U25: 1.09 | V25: 0.33 | W25: 36.7 | Y25: Table 3 | Z25: All experiments | AA25: Duration is minimum 11 days = 264 h, the longest exp was 15 d.
A26: Bhandral et al. (2009) | B26: decanter | C26: full | D26: cattle | E26: lf | F26: lf | G26: dynamic chambers | H26: 264 | I26: 3 | J26: broadcast | K26: 133 | N26: 0 | O26: 1.3 | P26: 8.1 | Q26: 1 | R26: silty to sandy loam | T26: none | U26: 1.09 | W26: 51 | Y26: Table 3 | Z26: All experiments | AA26: Duration is minimum 11 days = 264 h, the longest exp was 15 d.
A27: Bhandral et al. (2009) | C27: full | D27: cattle | E27: raw | F27: raw | G27: dynamic chambers | H27: 264 | I27: 4 | J27: broadcast | K27: 115 | N27: 0 | O27: 6 | Q27: 1 | R27: silty to sandy loam | T27: none | U27: 1.09 | V27: 0.26 | W27: 37.4 | Y27: Table 3 | Z27: All experiments | AA27: Duration is minimum 11 days = 264 h, the longest exp was 15 d.
A28: Bhandral et al. (2009) | B28: decanter | C28: full | D28: cattle | E28: lf | F28: lf | G28: dynamic chambers | H28: 264 | I28: 4 | J28: broadcast | K28: 124 | N28: 0 | O28: 2.8 | Q28: 0.9 | R28: silty to sandy loam | T28: none | U28: 1.09 | W28: 39.1 | Y28: Table 3 | Z28: All experiments | AA28: Duration is minimum 11 days = 264 h, the longest exp was 15 d.
A29: Bhandral et al. (2009) | C29: full | D29: cattle | E29: raw | F29: raw | G29: dynamic chambers | H29: 264 | I29: 5 | J29: broadcast | K29: 120 | N29: 0 | O29: 5.7 | Q29: 1 | R29: silty to sandy loam | T29: none | U29: 1.09 | V29: 0.37 | W29: 39.1 | Y29: Table 3 | Z29: All experiments | AA29: Duration is minimum 11 days = 264 h, the longest exp was 15 d.
A30: Bhandral et al. (2009) | B30: decanter | C30: full | D30: cattle | E30: lf | F30: lf | G30: dynamic chambers | H30: 264 | I30: 5 | J30: broadcast | K30: 141 | N30: 0 | O30: 2 | Q30: 0.9 | R30: silty to sandy loam | T30: none | U30: 1.09 | W30: 16.3 | Y30: Table 3 | Z30: All experiments | AA30: Duration is minimum 11 days = 264 h, the longest exp was 15 d.
A31: Bhandral et al. (2009) | C31: full | D31: cattle | E31: raw | F31: raw | G31: dynamic chambers | H31: 264 | I31: 6 | J31: broadcast | K31: 70 | N31: 0 | O31: 4.6 | Q31: 1 | R31: silty to sandy loam | T31: none | U31: 1.09 | V31: 0.33 | W31: 41.9 | Y31: Table 3 | Z31: All experiments | AA31: Duration is minimum 11 days = 264 h, the longest exp was 15 d.
A32: Bhandral et al. (2009) | B32: decanter | C32: full | D32: cattle | E32: lf | F32: lf | G32: dynamic chambers | H32: 264 | I32: 6 | J32: broadcast | K32: 127 | N32: 0 | O32: 1.3 | Q32: 0.6 | R32: silty to sandy loam | T32: none | U32: 1.09 | W32: 13.4 | Y32: Table 3 | Z32: All experiments | AA32: Duration is minimum 11 days = 264 h, the longest exp was 15 d.
A33: Bhandral et al. (2009) | C33: full | D33: cattle | E33: raw | F33: raw | G33: dynamic chambers | H33: 264 | I33: 1 | J33: band spread on slots | K33: 100 | N33: 0 | O33: 6.8 | P33: 6.8 | Q33: 1.3 | R33: silty to sandy loam | T33: none | U33: 1.09 | V33: 0.31 | W33: 24.6 | Y33: Table 3 | Z33: All experiments | AA33: Duration is minimum 11 days = 264 h, the longest exp was 15 d.
A34: Bhandral et al. (2009) | B34: decanter | C34: full | D34: cattle | E34: lf | F34: lf | G34: dynamic chambers | H34: 264 | I34: 1 | J34: band spread on slots | K34: 120 | N34: 0 | O34: 2.8 | P34: 7 | Q34: 1.2 | R34: silty to sandy loam | T34: none | U34: 1.09 | V34: 0.31 | W34: 14.9 | Y34: Table 3 | Z34: All experiments | AA34: Duration is minimum 11 days = 264 h, the longest exp was 15 d.
A35: Bhandral et al. (2009) | C35: full | D35: cattle | E35: raw | F35: raw | G35: dynamic chambers | H35: 264 | I35: 2 | J35: band spread on slots | K35: 104 | N35: 0 | O35: 7.2 | P35: 6.8 | Q35: 1.2 | R35: silty to sandy loam | T35: none | U35: 1.09 | V35: 0.36 | W35: 24.1 | Y35: Table 3 | Z35: All experiments | AA35: Duration is minimum 11 days = 264 h, the longest exp was 15 d.
A36: Bhandral et al. (2009) | B36: decanter | C36: full | D36: cattle | E36: lf | F36: lf | G36: dynamic chambers | H36: 264 | I36: 2 | J36: band spread on slots | K36: 126 | N36: 0 | O36: 2.2 | P36: 7.4 | Q36: 1.1 | R36: silty to sandy loam | T36: none | U36: 1.09 | V36: 0.36 | W36: 17.9 | Y36: Table 3 | Z36: All experiments | AA36: Duration is minimum 11 days = 264 h, the longest exp was 15 d.
A37: Bhandral et al. (2009) | C37: full | D37: cattle | E37: raw | F37: raw | G37: dynamic chambers | H37: 264 | I37: 3 | J37: band spread on slots | K37: 109 | N37: 0 | O37: 7 | P37: 7.5 | Q37: 1.1 | R37: silty to sandy loam | T37: none | U37: 1.09 | V37: 0.33 | W37: 25.1 | Y37: Table 3 | Z37: All experiments | AA37: Duration is minimum 11 days = 264 h, the longest exp was 15 d.
A38: Bhandral et al. (2009) | B38: decanter | C38: full | D38: cattle | E38: lf | F38: lf | G38: dynamic chambers | H38: 264 | I38: 3 | J38: band spread on slots | K38: 133 | N38: 0 | O38: 1.3 | P38: 8.1 | Q38: 1 | R38: silty to sandy loam | T38: none | U38: 1.09 | V38: 0.33 | W38: 28.2 | Y38: Table 3 | Z38: All experiments | AA38: Duration is minimum 11 days = 264 h, the longest exp was 15 d.
A39: Bhandral et al. (2009) | C39: full | D39: cattle | E39: raw | F39: raw | G39: dynamic chambers | H39: 264 | I39: 4 | J39: band spread on slots | K39: 115 | N39: 0 | O39: 6 | Q39: 1 | R39: silty to sandy loam | T39: none | U39: 1.09 | V39: 0.26 | W39: 23.5 | Y39: Table 3 | Z39: All experiments | AA39: Duration is minimum 11 days = 264 h, the longest exp was 15 d.
A40: Bhandral et al. (2009) | B40: decanter | C40: full | D40: cattle | E40: lf | F40: lf | G40: dynamic chambers | H40: 264 | I40: 4 | J40: band spread on slots | K40: 124 | N40: 0 | O40: 2.8 | Q40: 0.9 | R40: silty to sandy loam | T40: none | U40: 1.09 | V40: 0.26 | W40: 28.6 | Y40: Table 3 | Z40: All experiments | AA40: Duration is minimum 11 days = 264 h, the longest exp was 15 d.
A41: Bhandral et al. (2009) | C41: full | D41: cattle | E41: raw | F41: raw | G41: dynamic chambers | H41: 264 | I41: 5 | J41: band spread on slots | K41: 120 | N41: 0 | O41: 5.7 | Q41: 1 | R41: silty to sandy loam | T41: none | U41: 1.09 | V41: 0.37 | W41: 25.4 | Y41: Table 3 | Z41: All experiments | AA41: Duration is minimum 11 days = 264 h, the longest exp was 15 d.
A42: Bhandral et al. (2009) | B42: decanter | C42: full | D42: cattle | E42: lf | F42: lf | G42: dynamic chambers | H42: 264 | I42: 5 | J42: band spread on slots | K42: 141 | N42: 0 | O42: 2 | Q42: 0.9 | R42: silty to sandy loam | T42: none | U42: 1.09 | V42: 0.37 | W42: 10 | Y42: Table 3 | Z42: All experiments | AA42: Duration is minimum 11 days = 264 h, the longest exp was 15 d.
A43: Bhandral et al. (2009) | C43: full | D43: cattle | E43: raw | F43: raw | G43: dynamic chambers | H43: 264 | I43: 6 | J43: band spread on slots | K43: 70 | N43: 0 | O43: 4.6 | Q43: 1 | R43: silty to sandy loam | T43: none | U43: 1.09 | V43: 0.33 | W43: 14.7 | Y43: Table 3 | Z43: All experiments | AA43: Duration is minimum 11 days = 264 h, the longest exp was 15 d.
A44: Bhandral et al. (2009) | B44: decanter | C44: full | D44: cattle | E44: lf | F44: lf | G44: dynamic chambers | H44: 264 | I44: 6 | J44: band spread on slots | K44: 127 | N44: 0 | O44: 1.3 | Q44: 0.6 | R44: silty to sandy loam | T44: none | U44: 1.09 | V44: 0.33 | W44: 4.3 | Y44: Table 3 | Z44: All experiments | AA44: Duration is minimum 11 days = 264 h, the longest exp was 15 d.
A45: Chantigny et al. (2007) | C45: pilot | D45: pig | E45: raw | F45: raw | G45: dynamic chambers | H45: 192 | I45: 1 | J45: broadcast | K45: =145.3/5.46 -> 26.611722 | N45: 0 | O45: 4.58 | P45: 7.4 | Q45: 3.76 | R45: loam and sandy loam | T45: grass | W45: =13.5/(K45*Q45)*100 -> 13.491895 | Y45: Calculated from Table 1 and 2 and calculated application rate. | Z45: Raw, Decanted, and Filtered. | AA45: Did not include 'flocculated' as it has anoter origin than the others. Application rate calculated from Table 1 and Total N content in Table 2.
A46: Chantigny et al. (2007) | C46: pilot | D46: pig | E46: raw | F46: raw | G46: dynamic chambers | H46: 192 | I46: 2 | J46: broadcast | K46: =145.3/5.46 -> 26.611722 | N46: 0 | O46: 4.58 | P46: 7.4 | Q46: 3.76 | R46: loam and sandy loam | T46: grass | W46: =19.6/(K46*Q46)*100 -> 19.588233 | Y46: Calculated from Table 1 and 2 and calculated application rate. | Z46: Raw, Decanted, and Filtered. | AA46: Did not include 'flocculated' as it has anoter origin than the others. Application rate calculated from Table 1 and Total N content in Table 2.
A47: Chantigny et al. (2007) | C47: pilot | D47: pig | E47: raw | F47: raw | G47: dynamic chambers | H47: 192 | I47: 3 | J47: broadcast | K47: =145.3/5.46 -> 26.611722 | N47: 0 | O47: 4.58 | P47: 7.4 | Q47: 3.76 | R47: loam and sandy loam | T47: grass | W47: =32.7/(K47*Q47)*100 -> 32.680368 | Y47: Calculated from Table 1 and 2 and calculated application rate. | Z47: Raw, Decanted, and Filtered. | AA47: Did not include 'flocculated' as it has anoter origin than the others. Application rate calculated from Table 1 and Total N content in Table 2.
A48: Chantigny et al. (2007) | B48: decanter | C48: pilot | D48: pig | E48: lf | F48: lf | G48: dynamic chambers | H48: 192 | I48: 1 | J48: broadcast | K48: =141.9/5.09 -> 27.878193 | N48: 0 | O48: 2.59 | P48: 7.6 | Q48: 3.52 | R48: loam and sandy loam | T48: grass | W48: =13.2/(K48*Q48)*100 -> 13.451374 | Y48: Calculated from Table 1 and 2 and calculated application rate. | Z48: Raw, Decanted, and Filtered. | AA48: Did not include 'flocculated' as it has anoter origin than the others. Application rate calculated from Table 1 and Total N content in Table 2.
A49: Chantigny et al. (2007) | B49: decanter | C49: pilot | D49: pig | E49: lf | F49: lf | G49: dynamic chambers | H49: 192 | I49: 2 | J49: broadcast | K49: =141.9/5.09 -> 27.878193 | N49: 0 | O49: 2.59 | P49: 7.6 | Q49: 3.52 | R49: loam and sandy loam | T49: grass | W49: =13.4/(K49*Q49)*100 -> 13.655183 | Y49: Calculated from Table 1 and 2 and calculated application rate. | Z49: Raw, Decanted, and Filtered. | AA49: Did not include 'flocculated' as it has anoter origin than the others. Application rate calculated from Table 1 and Total N content in Table 2.
A50: Chantigny et al. (2007) | B50: decanter | C50: pilot | D50: pig | E50: lf | F50: lf | G50: dynamic chambers | H50: 192 | I50: 3 | J50: broadcast | K50: =141.9/5.09 -> 27.878193 | N50: 0 | O50: 2.59 | P50: 7.6 | Q50: 3.52 | R50: loam and sandy loam | T50: grass | W50: =26.7/(K50*Q50)*100 -> 27.208461 | Y50: Calculated from Table 1 and 2 and calculated application rate. | Z50: Raw, Decanted, and Filtered. | AA50: Did not include 'flocculated' as it has anoter origin than the others. Application rate calculated from Table 1 and Total N content in Table 2.
A51: Chantigny et al. (2007) | C51: pilot | D51: pig | E51: raw | F51: raw | G51: dynamic chambers | H51: 192 | I51: 4 | J51: broadcast | K51: =145.3/5.46 -> 26.611722 | N51: 0 | O51: 4.58 | P51: 7.4 | Q51: 3.76 | R51: loam and sandy loam | T51: grass | W51: =13.5/(K51*Q51)*100 -> 13.491895 | Y51: Calculated from Table 1 and 2 and calculated application rate. | Z51: Raw, Decanted, and Filtered. | AA51: Did not include 'flocculated' as it has anoter origin than the others. Application rate calculated from Table 1 and Total N content in Table 2.
A52: Chantigny et al. (2007) | C52: pilot | D52: pig | E52: raw | F52: raw | G52: dynamic chambers | H52: 192 | I52: 5 | J52: broadcast | K52: =145.3/5.46 -> 26.611722 | N52: 0 | O52: 4.58 | P52: 7.4 | Q52: 3.76 | R52: loam and sandy loam | T52: grass | W52: =19.6/(K52*Q52)*100 -> 19.588233 | Y52: Calculated from Table 1 and 2 and calculated application rate. | Z52: Raw, Decanted, and Filtered. | AA52: Did not include 'flocculated' as it has anoter origin than the others. Application rate calculated from Table 1 and Total N content in Table 2.
A53: Chantigny et al. (2007) | C53: pilot | D53: pig | E53: raw | F53: raw | G53: dynamic chambers | H53: 192 | I53: 6 | J53: broadcast | K53: =145.3/5.46 -> 26.611722 | N53: 0 | O53: 4.58 | P53: 7.4 | Q53: 3.76 | R53: loam and sandy loam | T53: grass | W53: =32.7/(K53*Q53)*100 -> 32.680368 | Y53: Calculated from Table 1 and 2 and calculated application rate. | Z53: Raw, Decanted, and Filtered. | AA53: Did not include 'flocculated' as it has anoter origin than the others. Application rate calculated from Table 1 and Total N content in Table 2.
A54: Chantigny et al. (2007) | B54: filter | C54: pilot | D54: pig | E54: lf | F54: lf | G54: dynamic chambers | H54: 192 | I54: 4 | J54: broadcast | K54: =148.7/4.93 -> 30.162272 | N54: 0 | O54: 3.07 | P54: 7.7 | Q54: 3.15 | R54: loam and sandy loam | T54: grass | W54: =8.6/(K54*Q54)*100 -> 9.0515686 | Y54: Calculated from Table 1 and 2 and calculated application rate. | Z54: Raw, Decanted, and Filtered. | AA54: Did not include 'flocculated' as it has anoter origin than the others. Application rate calculated from Table 1 and Total N content in Table 2.
A55: Chantigny et al. (2007) | B55: filter | C55: pilot | D55: pig | E55: lf | F55: lf | G55: dynamic chambers | H55: 192 | I55: 5 | J55: broadcast | K55: =148.7/4.93 -> 30.162272 | N55: 0 | O55: 3.07 | P55: 7.7 | Q55: 3.15 | R55: loam and sandy loam | T55: grass | W55: =12.9/(K55*Q55)*100 -> 13.577353 | Y55: Calculated from Table 1 and 2 and calculated application rate. | Z55: Raw, Decanted, and Filtered. | AA55: Did not include 'flocculated' as it has anoter origin than the others. Application rate calculated from Table 1 and Total N content in Table 2.
A56: Chantigny et al. (2007) | B56: filter | C56: pilot | D56: pig | E56: lf | F56: lf | G56: dynamic chambers | H56: 192 | I56: 6 | J56: broadcast | K56: =148.7/4.93 -> 30.162272 | N56: 0 | O56: 3.07 | P56: 7.7 | Q56: 3.15 | R56: loam and sandy loam | T56: grass | W56: =20.6/(K56*Q56)*100 -> 21.681664 | Y56: Calculated from Table 1 and 2 and calculated application rate. | Z56: Raw, Decanted, and Filtered. | AA56: Did not include 'flocculated' as it has anoter origin than the others. Application rate calculated from Table 1 and Total N content in Table 2.
A57: Chantigny et al. (2009) | C57: pilot | D57: pig | E57: raw | F57: raw | G57: dynamic chambers | H57: 240 | I57: 1 | J57: broadcast | K57: 14 | N57: 0 | O57: 5.2 | P57: 7.4 | Q57: 3.5 | R57: silty clay | S57: 27 | T57: none | V57: 0.3 | W57: 22.7 | Y57: Table 4 | Z57: Untreated, Decanted, Filtered, and Flocculated
A58: Chantigny et al. (2009) | B58: decanter | C58: pilot | D58: pig | E58: lf | F58: lf | G58: dynamic chambers | H58: 240 | I58: 1 | J58: broadcast | K58: 16 | N58: 0 | O58: 2.8 | P58: 7.7 | Q58: 3.7 | R58: silty clay | S58: 27 | T58: none | V58: 0.3 | W58: 20.5 | Y58: Table 4 | Z58: Untreated, Decanted, Filtered, and Flocculated
A59: Chantigny et al. (2009) | C59: pilot | D59: pig | E59: raw | F59: raw | G59: dynamic chambers | H59: 240 | I59: 7 | J59: broadcast | K59: 14 | N59: 0 | O59: 5.2 | P59: 7.4 | Q59: 3.5 | R59: silty clay | S59: 27 | T59: none | V59: 0.3 | W59: 22.7 | Y59: Table 4 | Z59: Untreated, Decanted, Filtered, and Flocculated
A60: Chantigny et al. (2009) | B60: filter | C60: unknown | D60: pig | E60: lf | F60: lf | G60: dynamic chambers | H60: 240 | I60: 7 | J60: broadcast | K60: 34 | N60: 0 | O60: 1.6 | P60: 8.1 | Q60: 3.2 | R60: silty clay | S60: 27 | T60: none | V60: 0.3 | W60: 28.9 | Y60: Table 4 | Z60: Untreated, Decanted, Filtered, and Flocculated
A61: Chantigny et al. (2009) | C61: unknown | D61: pig | E61: raw | F61: raw | G61: dynamic chambers | H61: 240 | I61: 2 | J61: broadcast | K61: 16 | N61: 0 | O61: 2.6 | P61: 8 | Q61: 3.7 | R61: silty clay | S61: 27 | T61: none | V61: 0.3 | W61: 22.1 | Y61: Table 4 | Z61: Untreated, Decanted, Filtered, and Flocculated
A62: Chantigny et al. (2009) | B62: flocculant | C62: unknown | D62: pig | E62: lf | F62: lf | G62: dynamic chambers | H62: 240 | I62: 2 | J62: broadcast | K62: 25 | N62: 0 | O62: 1 | P62: 8.3 | Q62: 2.8 | R62: silty clay | S62: 27 | T62: none | V62: 0.3 | W62: 22.1 | Y62: Table 4 | Z62: Untreated, Decanted, Filtered, and Flocculated
A63: Chantigny et al. (2009) | C63: pilot | D63: pig | E63: raw | F63: raw | G63: dynamic chambers | H63: 240 | I63: 3 | J63: broadcast | K63: 21 | N63: 0 | O63: 7.6 | P63: 7.5 | Q63: 5.3 | R63: silty clay | S63: 27 | T63: none | V63: 0.3 | W63: 25 | Y63: Table 4 | Z63: Untreated, Decanted, Filtered, and Flocculated
A64: Chantigny et al. (2009) | B64: decanter | C64: pilot | D64: pig | E64: lf | F64: lf | G64: dynamic chambers | H64: 240 | I64: 3 | J64: broadcast | K64: 24 | N64: 0 | O64: 4.1 | P64: 7.8 | Q64: 5.1 | R64: silty clay | S64: 27 | T64: none | V64: 0.3 | W64: 27.8 | Y64: Table 4 | Z64: Untreated, Decanted, Filtered, and Flocculated
A65: Chantigny et al. (2009) | C65: pilot | D65: pig | E65: raw | F65: raw | G65: dynamic chambers | H65: 240 | I65: 8 | J65: broadcast | K65: 21 | N65: 0 | O65: 7.6 | P65: 7.5 | Q65: 5.3 | R65: silty clay | S65: 27 | T65: none | V65: 0.3 | W65: 25 | Y65: Table 4 | Z65: Untreated, Decanted, Filtered, and Flocculated
A66: Chantigny et al. (2009) | B66: filter | C66: unknown | D66: pig | E66: lf | F66: lf | G66: dynamic chambers | H66: 240 | I66: 8 | J66: broadcast | K66: 34 | N66: 0 | O66: 3.2 | P66: 8.1 | Q66: 3.5 | R66: silty clay | S66: 27 | T66: none | V66: 0.3 | W66: 29 | Y66: Table 4 | Z66: Untreated, Decanted, Filtered, and Flocculated
A67: Chantigny et al. (2009) | C67: unknown | D67: pig | E67: raw | F67: raw | G67: dynamic chambers | H67: 240 | I67: 4 | J67: broadcast | K67: 23 | N67: 0 | O67: 4.8 | P67: 8.3 | Q67: 4.9 | R67: silty clay | S67: 27 | T67: none | V67: 0.3 | W67: 19.6 | Y67: Table 4 | Z67: Untreated, Decanted, Filtered, and Flocculated
A68: Chantigny et al. (2009) | B68: flocculant | C68: unknown | D68: pig | E68: lf | F68: lf | G68: dynamic chambers | H68: 240 | I68: 4 | J68: broadcast | K68: 28 | N68: 0 | O68: 2.7 | P68: 8.3 | Q68: 4.4 | R68: silty clay | S68: 27 | T68: none | V68: 0.3 | W68: 19.3 | Y68: Table 4 | Z68: Untreated, Decanted, Filtered, and Flocculated
A69: Chantigny et al. (2009) | C69: pilot | D69: pig | E69: raw | F69: raw | G69: dynamic chambers | H69: 240 | I69: 5 | J69: broadcast | K69: 21 | N69: 0 | O69: 5 | P69: 8.7 | Q69: 5.4 | R69: silty clay | S69: 27 | T69: none | V69: 0.22 | W69: 19.3 | Y69: Table 4 | Z69: Untreated, Decanted, Filtered, and Flocculated
A70: Chantigny et al. (2009) | B70: decanter | C70: pilot | D70: pig | E70: lf | F70: lf | G70: dynamic chambers | H70: 240 | I70: 5 | J70: broadcast | K70: 24 | N70: 0 | O70: 1.2 | P70: 8.2 | Q70: 3.4 | R70: silty clay | S70: 27 | T70: none | V70: 0.22 | W70: 8.7 | Y70: Table 4 | Z70: Untreated, Decanted, Filtered, and Flocculated
A71: Chantigny et al. (2009) | C71: pilot | D71: pig | E71: raw | F71: raw | G71: dynamic chambers | H71: 240 | I71: 9 | J71: broadcast | K71: 21 | N71: 0 | O71: 5 | P71: 8.7 | Q71: 5.4 | R71: silty clay | S71: 27 | T71: none | V71: 0.22 | W71: 19.3 | Y71: Table 4 | Z71: Untreated, Decanted, Filtered, and Flocculated
A72: Chantigny et al. (2009) | B72: filter | C72: unknown | D72: pig | E72: lf | F72: lf | G72: dynamic chambers | H72: 240 | I72: 9 | J72: broadcast | K72: 34 | N72: 0 | O72: 1.3 | P72: 8.4 | Q72: 3.5 | R72: silty clay | S72: 27 | T72: none | V72: 0.22 | W72: 12.4 | Y72: Table 4 | Z72: Untreated, Decanted, Filtered, and Flocculated
A73: Chantigny et al. (2009) | C73: unknown | D73: pig | E73: raw | F73: raw | G73: dynamic chambers | H73: 240 | I73: 6 | J73: broadcast | K73: 24 | N73: 0 | O73: 2.6 | P73: 8.8 | Q73: 5.6 | R73: silty clay | S73: 27 | T73: none | V73: 0.22 | W73: 12.6 | Y73: Table 4 | Z73: Untreated, Decanted, Filtered, and Flocculated
A74: Chantigny et al. (2009) | B74: flocculant | C74: unknown | D74: pig | E74: lf | F74: lf | G74: dynamic chambers | H74: 240 | I74: 6 | J74: broadcast | K74: 30 | N74: 0 | O74: 1.2 | P74: 9 | Q74: 4.7 | R74: silty clay | S74: 27 | T74: none | V74: 0.22 | W74: 17.6 | Y74: Table 4 | Z74: Untreated, Decanted, Filtered, and Flocculated
A75: Dinuccio et al. (2011) | C75: laboratory | D75: cattle | E75: raw | F75: raw | G75: laboratory | H75: 168 | I75: 1 | J75: broadcast | K75: =70/1.4 -> 50 | L75: 10 | M75: 10 | N75: 0 | O75: 7.7 | P75: 6.8 | Q75: 1.4 | R75: loamy sand | S75: 2 | T75: none | U75: 1.16 | V75: 0.1 | W75: 14 | Y75: Table 2 | Z75: Raw slurry and Liquid fraction
A76: Dinuccio et al. (2011) | B76: mehcanical | C76: laboratory | D76: cattle | E76: lf | F76: lf | G76: laboratory | H76: 168 | I76: 1 | J76: broadcast | K76: 50 | L76: 10 | M76: 10 | N76: 0 | O76: 5 | P76: 7 | Q76: 1.4 | R76: loamy sand | S76: 2 | T76: none | U76: 1.16 | V76: 0.1 | W76: 22.5 | Y76: Table 2 | Z76: Raw slurry and Liquid fraction
A77: Dinuccio et al. (2011) | B77: mechanical | C77: laboratory | D77: cattle | E77: sf | F77: sf | G77: laboratory | H77: 168 | I77: 1 | J77: broadcast | K77: =70/3.57 -> 19.607843 | L77: 10 | M77: 10 | N77: 0 | O77: 18.6 | P77: 8.5 | Q77: 0.2 | R77: loamy sand | S77: 2 | T77: none | U77: 1.16 | V77: 0.1 | W77: 68.1 | Y77: Table 2 | Z77: Raw slurry and Liquid fraction
A78: Dinuccio et al. (2012) | C78: full | D78: pig | E78: raw | F78: raw | G78: dynamic chambers | H78: 96 | I78: 1 | J78: broadcast | K78: =70/3 -> 23.333333 | M78: 5.8 | N78: 0 | O78: 3.03 | P78: 7.94 | Q78: 2.1 | R78: loamy sand | S78: 3.2 | T78: grass | W78: 11.4 | X78: =206/2100*100 -> 9.8095238 | Y78: Table 2 and Figure 6 | Z78: Raw slurry and Liquid fraction | AA78: Amounts (ton/ha) calculated from Table 1 tot N and application rate og 70 kgN/ha.
A79: Dinuccio et al. (2012) | B79: chemo-mechanical | C79: full | D79: pig | E79: sf | F79: sf | G79: dynamic chambers | H79: 96 | I79: 1 | J79: broadcast | K79: =70/6.6 -> 10.606061 | M79: 5.8 | N79: 0 | O79: 23.1 | P79: 8.26 | Q79: 2.5 | R79: loamy sand | S79: 3.2 | T79: grass | W79: 56.7 | X79: =80.3/2100*100 -> 3.8238095 | Y79: Table 2 and Figure 6 | Z79: Raw slurry and Liquid fraction | AA79: Amounts (ton/ha) calculated from Table 1 tot N and application rate og 70 kgN/ha.
A80: Dinuccio et al. (2012) | B80: chemo-mechanical | C80: full | D80: pig | E80: lf | F80: lf | G80: dynamic chambers | H80: 96 | I80: 1 | J80: broadcast | K80: =70/1.8 -> 38.888889 | M80: 5.8 | N80: 0 | O80: 1.09 | P80: 8.05 | Q80: 1.5 | R80: loamy sand | S80: 3.2 | T80: grass | W80: 8.79 | X80: =101/2100*100 -> 4.8095238 | Y80: Table 2 and Figure 6 | Z80: Raw slurry and Liquid fraction | AA80: Amounts (ton/ha) calculated from Table 1 tot N and application rate og 70 kgN/ha.
A81: Dinuccio et al. (2012) | C81: full | D81: pig | E81: raw | F81: raw | G81: dynamic chambers | H81: 96 | I81: 2 | J81: broadcast | K81: =70/3.6 -> 19.444444 | M81: 27.6 | N81: 0 | O81: 4.02 | P81: 7.77 | Q81: 2.6 | R81: loamy sand | S81: 3.2 | T81: grass | W81: 28 | X81: =564/2900*100 -> 19.448276 | Y81: Table 2 and Figure 6 | Z81: Raw slurry and Liquid fraction | AA81: Amounts (ton/ha) calculated from Table 1 tot N and application rate og 70 kgN/ha.
A82: Dinuccio et al. (2012) | B82: chemo-mechanical | C82: full | D82: pig | E82: sf | F82: sf | G82: dynamic chambers | H82: 96 | I82: 2 | J82: broadcast | K82: =70/5.3 -> 13.207547 | M82: 27.6 | N82: 0 | O82: 22.9 | P82: 8.3 | Q82: 1.9 | R82: loamy sand | S82: 3.2 | T82: grass | W82: 96.3 | X82: =300/2900*100 -> 10.344828 | Y82: Table 2 and Figure 6 | Z82: Raw slurry and Liquid fraction | AA82: Amounts (ton/ha) calculated from Table 1 tot N and application rate og 70 kgN/ha.
A83: Dinuccio et al. (2012) | B83: chemo-mechanical | C83: full | D83: pig | E83: lf | F83: lf | G83: dynamic chambers | H83: 96 | I83: 2 | J83: broadcast | K83: =70/1.9 -> 36.842105 | M83: 27.6 | N83: 0 | O83: 1.25 | P83: 8.07 | Q83: 1.9 | R83: loamy sand | S83: 3.2 | T83: grass | W83: 23.8 | X83: =339/2900*100 -> 11.689655 | Y83: Table 2 and Figure 6 | Z83: Raw slurry and Liquid fraction | AA83: Amounts (ton/ha) calculated from Table 1 tot N and application rate og 70 kgN/ha.
A84: Fangueiro et al. (2015) | C84: laboratory | D84: cattle | E84: raw | F84: raw | G84: laboratory aerobic incubation and acid traps | H84: 333 | I84: 1 | J84: trailing hose | L84: 25 | M84: 25 | N84: 0 | O84: 11.3 | P84: 7.2 | Q84: 1.3 | R84: Haplic Cambisol (sandy texture, 9% clay), sieved | S84: 9 | T84: none | U84: 1.52 | W84: 5.2 | Y84: Table 3 | Z84: S-S and LF-S
A85: Fangueiro et al. (2015) | B85: centrifuge | C85: laboratory | D85: cattle | E85: lf | F85: lf | G85: laboratory aerobic incubation and acid traps | H85: 333 | I85: 1 | J85: trailing hose | L85: 25 | M85: 25 | N85: 0 | O85: 2.1 | P85: 7.2 | Q85: 1.2 | R85: Haplic Cambisol | S85: 9 | T85: none | U85: 1.52 | W85: 0.2 | Y85: Table 3 | Z85: S-S and LF-S
A86: Fangueiro et al. (2017) | C86: laboratory | D86: cattle | E86: raw | F86: raw | G86: laboratory | H86: 168 | I86: 1 | J86: broadcast and incorporated | N86: 0 | O86: 4.3 | P86: 7.4 | Q86: 1.3 | R86: Cambic Arenosol | S86: 3 | T86: none | W86: 11.3 | Y86: Table 4 | Z86: S-tillage and LF-tillage
A87: Fangueiro et al. (2017) | B87: centrifuge | C87: laboratory | D87: cattle | E87: lf | F87: lf | G87: laboratory | H87: 169 | I87: 1 | J87: broadcast and incorporated | N87: 0 | O87: 2.1 | P87: 7.3 | Q87: 1.1 | R87: Cambic Arenosol | S87: 3 | T87: none | W87: 13.3 | Y87: Table 4 | Z87: S-tillage and LF-tillage
A88: Frost et al. (1990) | C88: laboratory | D88: cattle | E88: raw | F88: raw | G88: ventilated chambers | H88: 101 | I88: 1 | J88: broadcast | K88: =75/Q88 -> 21.428571 | O88: 8.7 | P88: 7.6 | Q88: 3.5 | R88: clay loam | T88: grass | W88: =14.34/(K88*Q88)*100 -> 19.12 | Y88: Calculation based on Table 2, Table 1 and the application rate | Z88: Application 1, 2 and 3, S1, S2, S3, S4, and S5
A89: Frost et al. (1990) | C89: laboratory | D89: cattle | E89: raw | F89: raw | G89: ventilated chambers | H89: 101 | I89: 3 | J89: broadcast | K89: =75/Q89 -> 21.428571 | O89: 8.7 | P89: 7.6 | Q89: 3.5 | R89: clay loam | T89: grass | W89: =14.34/(K89*Q89)*100 -> 19.12 | Y89: Calculation based on Table 2, Table 1 and the application rate | Z89: Application 1, 2 and 3, S1, S2, S3, S4, and S5
A90: Frost et al. (1990) | C90: laboratory | D90: cattle | E90: raw | F90: raw | G90: ventilated chambers | H90: 101 | I90: 4 | J90: broadcast | K90: =75/Q90 -> 21.428571 | O90: 8.7 | P90: 7.6 | Q90: 3.5 | R90: clay loam | T90: grass | W90: =14.34/(K90*Q90)*100 -> 19.12 | Y90: Calculation based on Table 2, Table 1 and the application rate | Z90: Application 1, 2 and 3, S1, S2, S3, S4, and S5
A91: Frost et al. (1990) | C91: laboratory | D91: cattle | E91: raw | F91: raw | G91: ventilated chambers | H91: 101 | I91: 5 | J91: broadcast | K91: =75/Q91 -> 21.428571 | O91: 8.7 | P91: 7.6 | Q91: 3.5 | R91: clay loam | T91: grass | W91: =14.34/(K91*Q91)*100 -> 19.12 | Y91: Calculation based on Table 2, Table 1 and the application rate | Z91: Application 1, 2 and 3, S1, S2, S3, S4, and S5
A92: Frost et al. (1990) | B92: sieve | C92: laboratory | D92: cattle | E92: lf | F92: lf | G92: ventilated chambers | H92: 101 | I92: 1 | J92: broadcast | K92: =75/Q92 -> 20.833333 | O92: 8.1 | P92: 7.6 | Q92: 3.6 | R92: clay loam | T92: grass | W92: =10.05/(K92*Q92)*100 -> 13.4 | Y92: Calculation based on Table 2, Table 1 and the application rate | Z92: Application 1, 2 and 3, S1, S2, S3, S4, and S5
A93: Frost et al. (1990) | B93: sieve | C93: laboratory | D93: cattle | E93: lf | F93: lf | G93: ventilated chambers | H93: 101 | I93: 3 | J93: broadcast | K93: =75/Q93 -> 20.833333 | O93: 7.8 | P93: 7.6 | Q93: 3.6 | R93: clay loam | T93: grass | W93: =8.66/(K93*Q93)*100 -> 11.546667 | Y93: Calculation based on Table 2, Table 1 and the application rate | Z93: Application 1, 2 and 3, S1, S2, S3, S4, and S5
A94: Frost et al. (1990) | B94: sieve | C94: laboratory | D94: cattle | E94: lf | F94: lf | G94: ventilated chambers | H94: 101 | I94: 4 | J94: broadcast | K94: =75/Q94 -> 20.833333 | O94: 6.5 | P94: 7.6 | Q94: 3.6 | R94: clay loam | T94: grass | W94: =7.42/(K94*Q94)*100 -> 9.8933333 | Y94: Calculation based on Table 2, Table 1 and the application rate | Z94: Application 1, 2 and 3, S1, S2, S3, S4, and S5
A95: Frost et al. (1990) | B95: sieve | C95: laboratory | D95: cattle | E95: lf | F95: lf | G95: ventilated chambers | H95: 101 | I95: 5 | J95: broadcast | K95: =75/Q95 -> 20.833333 | O95: 5.8 | P95: 7.6 | Q95: 3.6 | R95: clay loam | T95: grass | W95: =5.03/(K95*Q95)*100 -> 6.7066667 | Y95: Calculation based on Table 2, Table 1 and the application rate | Z95: Application 1, 2 and 3, S1, S2, S3, S4, and S5
A96: Frost et al. (1990) | C96: laboratory | D96: cattle | E96: raw | F96: raw | G96: ventilated chambers | H96: 101 | I96: 2 | J96: broadcast | K96: =75/Q96 -> 20.833333 | O96: 9.3 | P96: 7.4 | Q96: 3.6 | R96: clay loam | T96: grass | W96: =17.33/(K96*Q96)*100 -> 23.106667 | Y96: Calculation based on Table 2, Table 1 and the application rate | Z96: Application 1, 2 and 3, S1, S2, S3, S4, and S5
A97: Frost et al. (1990) | C97: laboratory | D97: cattle | E97: raw | F97: raw | G97: ventilated chambers | H97: 101 | I97: 6 | J97: broadcast | K97: =75/Q97 -> 20.833333 | O97: 9.3 | P97: 7.4 | Q97: 3.6 | R97: clay loam | T97: grass | W97: =17.33/(K97*Q97)*100 -> 23.106667 | Y97: Calculation based on Table 2, Table 1 and the application rate | Z97: Application 1, 2 and 3, S1, S2, S3, S4, and S5
A98: Frost et al. (1990) | C98: laboratory | D98: cattle | E98: raw | F98: raw | G98: ventilated chambers | H98: 101 | I98: 7 | J98: broadcast | K98: =75/Q98 -> 20.833333 | O98: 9.3 | P98: 7.4 | Q98: 3.6 | R98: clay loam | T98: grass | W98: =17.33/(K98*Q98)*100 -> 23.106667 | Y98: Calculation based on Table 2, Table 1 and the application rate | Z98: Application 1, 2 and 3, S1, S2, S3, S4, and S5
A99: Frost et al. (1990) | C99: laboratory | D99: cattle | E99: raw | F99: raw | G99: ventilated chambers | H99: 101 | I99: 8 | J99: broadcast | K99: =75/Q99 -> 20.833333 | O99: 9.3 | P99: 7.4 | Q99: 3.6 | R99: clay loam | T99: grass | W99: =17.33/(K99*Q99)*100 -> 23.106667 | Y99: Calculation based on Table 2, Table 1 and the application rate | Z99: Application 1, 2 and 3, S1, S2, S3, S4, and S5
A100: Frost et al. (1990) | B100: sieve | C100: laboratory | D100: cattle | E100: lf | F100: lf | G100: ventilated chambers | H100: 101 | I100: 2 | J100: broadcast | K100: =75/Q100 -> 21.428571 | O100: 8.3 | P100: 7.7 | Q100: 3.5 | R100: clay loam | T100: grass | W100: =17.81/(K100*Q100)*100 -> 23.746667 | Y100: Calculation based on Table 2, Table 1 and the application rate | Z100: Application 1, 2 and 3, S1, S2, S3, S4, and S5
...

Sheet separation efficiency data
A1: General info | F1: Separation efficiency | J1: Samples | M1: Notes
A2: Source | B2: Separation method | C2: Slurry source | D2: Fraction studied | E2: Set | F2: Dry matter separation efficiency (%) | G2: Total ammoniacal nitrogen (TAN) separation efficiency (%) | H2: % mass after separation | I2: Separation efficiency source in original publication | J2: Dry matter (%) | K2: pH | L2: Total ammoniacal nitrogen (TAN) (g/kg) | M2: Notes
A3: source | B3: sep.meth | C3: slurry.source | D3: frac | E3: set | F3: DM.sep.eff | G3: TAN.sep.eff | H3: Mass.sep.eff | I3: sep.eff.source | J3: DM | K3: pH | L3: TAN | M3: Notes
A4: Aguirre-Villegas et al. (2019) | B4: screw press | C4: digestate | D4: raw | E4: 1 | J4: 5.3 | L4: =34.2*J4/100 -> 1.8126 | M4: Farm 1
A5: Aguirre-Villegas et al. (2019) | B5: screw press | C5: digestate | D5: lf | E5: 1 | F5: =J5*H5/J4 -> 67.963836 | G5: =L5*H5/L4 -> 107.90749 | H5: =(J4-J6)/(J5-J6)*100 -> 94.791667 | J5: 3.8 | L5: =54.3*J5/100 -> 2.0634 | M5: Farm 1
A6: Aguirre-Villegas et al. (2019) | B6: screw press | C6: digestate | D6: sf | E6: 1 | F6: =J6*H6/J4 -> 32.036164 | G6: =L6*H6/L4 -> 0.28101898 | H6: =100-H5 -> 5.2083333 | J6: 32.6 | L6: =0.3*J6/100 -> 0.0978 | M6: Farm 1
A7: Aguirre-Villegas et al. (2019) | B7: screw press | C7: cattle | D7: raw | E7: 2 | J7: 7.9 | L7: =19.3*J7/100 -> 1.5247 | M7: Farm 2
A8: Aguirre-Villegas et al. (2019) | B8: screw press | C8: cattle | D8: lf | E8: 2 | F8: =J8*H8/J7 -> 52.906136 | G8: =L8*H8/L7 -> 83.608143 | H8: =(J7-J9)/(J8-J9)*100 -> 88.927336 | J8: 4.7 | L8: =30.5*J8/100 -> 1.4335 | M8: Farm 2
A9: Aguirre-Villegas et al. (2019) | B9: screw press | C9: cattle | D9: sf | E9: 2 | F9: =J9*H9/J7 -> 47.093864 | G9: =L9*H9/L7 -> 0.24400966 | H9: =100-H8 -> 11.072664 | J9: 33.6 | L9: =0.1*J9/100 -> 0.0336 | M9: Farm 2
A10: Aguirre-Villegas et al. (2019) | B10: screw press | C10: digestate | D10: raw | E10: 3 | J10: 8 | L10: =27.9*J10/100 -> 2.232 | M10: Farm 3
A11: Aguirre-Villegas et al. (2019) | B11: screw press | C11: digestate | D11: lf | E11: 3 | F11: =J11*H11/J10 -> 41.586022 | G11: =L11*H11/L10 -> 84.960689 | H11: =(J10-J12)/(J11-J12)*100 -> 85.304659 | J11: 3.9 | L11: =57*J11/100 -> 2.223 | M11: Farm 3
A12: Aguirre-Villegas et al. (2019) | B12: screw press | C12: digestate | D12: sf | E12: 3 | F12: =J12*H12/J10 -> 58.413978 | G12: =L12*H12/L10 -> 1.0468455 | H12: =100-H11 -> 14.695341 | J12: 31.8 | L12: =0.5*J12/100 -> 0.159 | M12: Farm 3
A13: Aguirre-Villegas et al. (2019) | B13: screw press | C13: digestate | D13: raw | E13: 4 | J13: 5 | L13: =37.2*J13/100 -> 1.86 | M13: Farm 4
A14: Aguirre-Villegas et al. (2019) | B14: screw press | C14: digestate | D14: lf | E14: 4 | F14: =J14*H14/J13 -> 58.88 | G14: =L14*H14/L13 -> 8.9586237 | H14: =(J13-J15)/(J14-J15)*100 -> 92 | J14: 3.2 | L14: =56.6*J14/1000 -> 0.18112 | M14: Farm 4
A15: Aguirre-Villegas et al. (2019) | B15: screw press | C15: digestate | D15: sf | E15: 4 | F15: =J15*H15/J13 -> 41.12 | G15: =L15*H15/L13 -> 0.3316129 | H15: =100-H14 -> 8 | J15: 25.7 | L15: =0.3*J15/100 -> 0.0771 | M15: Farm 4
A16: Aguirre-Villegas et al. (2019) | B16: screw press | C16: digestate | D16: raw | E16: 5 | J16: 4.9 | L16: =49.5*J16/100 -> 2.4255 | M16: Farm 5
A17: Aguirre-Villegas et al. (2019) | B17: screw press | C17: digestate | D17: lf | E17: 5 | F17: =J17*H17/J16 -> 63.202512 | G17: =L17*H17/L16 -> 108.2742 | H17: =(J16-J18)/(J17-J18)*100 -> 93.846154 | J17: 3.3 | L17: =84.8*J17/100 -> 2.7984 | M17: Farm 5
A18: Aguirre-Villegas et al. (2019) | B18: screw press | C18: digestate | D18: sf | E18: 5 | F18: =J18*H18/J16 -> 36.797488 | G18: =L18*H18/L16 -> 0.44603016 | H18: =100-H17 -> 6.1538462 | J18: 29.3 | L18: =0.6*J18/100 -> 0.1758 | M18: Farm 5
A19: Aguirre-Villegas et al. (2019) | B19: screw press | C19: digestate | D19: raw | E19: 6 | J19: 4.9 | L19: =31.4*J19/100 -> 1.5386 | M19: Farm 6
A20: Aguirre-Villegas et al. (2019) | B20: screw press | C20: digestate | D20: lf | E20: 6 | F20: =J20*H20/J19 -> 63.498542 | G20: =L20*H20/L19 -> 85.945479 | H20: =(J19-J21)/(J20-J21)*100 -> 94.285714 | J20: 3.3 | L20: =42.5*J20/100 -> 1.4025 | M20: Farm 6
A21: Aguirre-Villegas et al. (2019) | B21: screw press | C21: digestate | D21: sf | E21: 6 | F21: =J21*H21/J19 -> 36.501458 | G21: =L21*H21/L19 -> 0.23249336 | H21: =100-H20 -> 5.7142857 | J21: 31.3 | L21: =0.2*J21/100 -> 0.0626 | M21: Farm 6
A22: Aguirre-Villegas et al. (2019) | B22: screw press | C22: digestate | D22: raw | E22: 7 | J22: 5.9 | L22: =40.2*J22/100 -> 2.3718 | M22: Farm 7
A23: Aguirre-Villegas et al. (2019) | B23: screw press | C23: digestate | D23: lf | E23: 7 | F23: =J23*H23/J22 -> 60.499856 | G23: =L23*H23/L22 -> 90.749785 | H23: =(J22-J24)/(J23-J24)*100 -> 91.525424 | J23: 3.9 | L23: =60.3*J23/100 -> 2.3517 | M23: Farm 7
A24: Aguirre-Villegas et al. (2019) | B24: screw press | C24: digestate | D24: sf | E24: 7 | F24: =J24*H24/J22 -> 39.500144 | G24: =L24*H24/L22 -> 0.29477719 | H24: =100-H23 -> 8.4745763 | J24: 27.5 | L24: =0.3*J24/100 -> 0.0825 | M24: Farm 7
A25: Aguirre-Villegas et al. (2019) | B25: centrifuge | C25: digestate | D25: raw | E25: 8 | J25: 4.6 | L25: =48.2*J25/100 -> 2.2172 | M25: Farm 8
A26: Aguirre-Villegas et al. (2019) | B26: centrifuge | C26: digestate | D26: lf | E26: 8 | F26: =J26*H26/J25 -> 56.451613 | G26: =L26*H26/L25 -> 82.10079 | H26: =(J25-J27)/(J26-J27)*100 -> 92.741935 | J26: 2.8 | L26: =70.1*J26/100 -> 1.9628 | M26: Farm 8
A27: Aguirre-Villegas et al. (2019) | B27: centrifuge | C27: digestate | D27: sf | E27: 8 | F27: =J27*H27/J25 -> 43.548387 | G27: =L27*H27/L25 -> 0.5420961 | H27: =(J25-J26)/(J27-J26)*100 -> 7.2580645 | J27: 27.6 | L27: =0.6*J27/100 -> 0.1656 | M27: Farm 8
A28: Aguirre-Villegas et al. (2019) | B28: screw press | C28: cattle | D28: raw | E28: 9 | J28: 9.7 | L28: =19.5*J28/100 -> 1.8915 | M28: Farm 9
A29: Aguirre-Villegas et al. (2019) | B29: screw press | C29: cattle | D29: lf | E29: 9 | F29: =J29*H29/J28 -> 52.343467 | G29: =L29*H29/L28 -> 71.133429 | H29: =(J28-J30)/(J29-J30)*100 -> 87.539936 | J29: 5.8 | L29: =26.5*J29/100 -> 1.537 | M29: Farm 9
A30: Aguirre-Villegas et al. (2019) | B30: screw press | C30: cattle | D30: sf | E30: 9 | F30: =J30*H30/J28 -> 47.656533 | G30: =L30*H30/L28 -> 0.17107473 | H30: =(J28-J29)/(J30-J29)*100 -> 12.460064 | J30: 37.1 | L30: =0.07*J30/100 -> 0.02597 | M30: Farm 9
A31: Amon et al. (2006) | B31: screw press | C31: cattle | D31: raw | E31: 1 | J31: 9.24 | L31: 1.57
A32: Amon et al. (2006) | B32: screw press | C32: cattle | D32: lf | E32: 1 | F32: =J32*H32/J31 -> 50.497098 | G32: =L32*H32/L31 -> 73.676014 | H32: =(J31-J33)/(J32-J33)*100 -> 78.156313 | J32: 5.97 | L32: 1.48
A33: Amon et al. (2006) | B33: screw press | C33: cattle | D33: sf | E33: 1 | F33: =J33*H33/J31 -> 49.502902 | G33: =L33*H33/L31 -> 12.939254 | H33: =100-H32 -> 21.843687 | J33: 20.94 | L33: 0.93
A34: Anderson et al, in prep | B34: screw press | C34: cattle | D34: raw | E34: 1 | J34: ='emission data'!O7 -> 9 | K34: ='emission data'!P7 -> 6.8 | L34: ='emission data'!Q7 -> 1.9
A35: Anderson et al, in prep | B35: screw press | C35: cattle | D35: lf | E35: 1 | F35: =J35*H35/J34 -> 43.71345 | G35: =L35*H35/L34 -> 90.027701 | H35: =(J34-35)/(J35-35)*100 -> 85.526316 | J35: ='emission data'!O8 -> 4.6 | K35: ='emission data'!P8 -> 7.1 | L35: ='emission data'!Q8 -> 2
A36: Bachmann et al. (2016) | B36: screw press | C36: digestate | D36: raw | E36: 1 | J36: =(6.97+6.64)/2 -> 6.805 | K36: =(7.5+7.9)/2 -> 7.7 | L36: =(51+50)/2 -> 50.5
A37: Bachmann et al. (2016) | B37: screw press | C37: digestate | D37: lf | E37: 1 | F37: 65 | G37: 85 | H37: 92 | I37: From Fig. 1 | J37: =(4.89+4.8)/2 -> 4.845 | K37: =(8+7.8)/2 -> 7.9 | L37: =(53+53)/2 -> 53
A38: Bachmann et al. (2016) | B38: screw press | C38: digestate | D38: sf | E38: 1 | F38: 40 | G38: 10 | H38: 8 | I38: From Fig. 1 | J38: =(34.6+32.7)/2 -> 33.65 | K38: =(9+8.9)/2 -> 8.95 | L38: =(29+41)/2 -> 35
A39: Bauer et al. (2009) | B39: screw press | C39: digestate | D39: raw | E39: 1
A40: Bauer et al. (2009) | B40: screw press | C40: digestate | D40: lf | E40: 1 | F40: 38.2 | H40: 79.2 | M40: data is pooled for screw press and rotary screen separator in the paper
A41: Bauer et al. (2009) | B41: screw press | C41: digestate | D41: sf | E41: 1 | F41: 61.8 | H41: 20.8 | M41: data is pooled for screw press and rotary screen separator in the paper
A42: Balsari et al. (2008a) | B42: screw press | C42: pig | D42: raw | E42: 1 | J42: ='emission data'!O9 -> 3.5 | K42: ='emission data'!P9 -> 7.8 | L42: ='emission data'!Q9 -> 3
A43: Balsari et al. (2008a) | B43: screw press | C43: pig | D43: lf | E43: 1 | F43: =J43*H43/J42 -> 64.945055 | G43: =L43*H43/L42 -> 94.711538 | H43: =(J42-J44)/(J43-J44)*100 -> 94.711538 | I43: calculated | J43: ='emission data'!O10 -> 2.4 | K43: ='emission data'!P10 -> 8 | L43: ='emission data'!Q10 -> 3
A44: Balsari et al. (2008a) | B44: screw press | C44: pig | D44: sf | E44: 1 | F44: =J44*H44/J42 -> 35.054945 | G44: =L44*H44/L42 -> 5.8173077 | H44: =100-H43 -> 5.2884615 | I44: calculated | J44: ='emission data'!O11 -> 23.2 | K44: ='emission data'!P11 -> 8.4 | L44: ='emission data'!Q11 -> 3.3
A45: Balsari et al. (2008a) | B45: screw press | C45: pig | D45: raw | E45: 2 | J45: ='emission data'!O12 -> 3.5 | K45: ='emission data'!P12 -> 7.8 | L45: ='emission data'!Q12 -> 2
A46: Balsari et al. (2008a) | B46: screw press | C46: pig | D46: lf | E46: 2 | F46: =J46*H46/J45 -> 56.865672 | G46: =L46*H46/L45 -> 99.514925 | H46: =(J45-J47)/(J46-J47)*100 -> 94.776119 | I46: calculated | J46: ='emission data'!O13 -> 2.1 | K46: ='emission data'!P13 -> 7.8 | L46: ='emission data'!Q13 -> 2.1
A47: Balsari et al. (2008a) | B47: screw press | C47: pig | D47: sf | E47: 2 | F47: =J47*H47/J45 -> 43.134328 | G47: =L47*H47/L45 -> 6.5298507 | H47: =100-H46 -> 5.2238806 | I47: calculated | J47: ='emission data'!O14 -> 28.9 | K47: ='emission data'!P14 -> 8.2 | L47: ='emission data'!Q14 -> 2.5
A48: Balsari et al. (2008b) | B48: screw press | C48: cattle | D48: raw | E48: 3 | J48: ='emission data'!O15 -> 5.7 | K48: ='emission data'!P15 -> 7.6 | L48: ='emission data'!Q15 -> 2.1
A49: Balsari et al. (2008b) | B49: screw press | C49: cattle | D49: lf | E49: 3 | F49: =J49*H49/J48 -> 71.017544 | G49: =L49*H49/L48 -> 92 | H49: 92 | I49: Table 2 and calculated | J49: ='emission data'!O16 -> 4.4 | K49: ='emission data'!P16 -> 7.8 | L49: ='emission data'!Q16 -> 2.1
A50: Balsari et al. (2008b) | B50: screw press | C50: cattle | D50: sf | E50: 3 | F50: =J50*H50/J48 -> 32 | G50: =L50*H50/L48 -> 6.8571429 | H50: 8 | I50: Table 2 and calculated | J50: ='emission data'!O17 -> 22.8 | K50: ='emission data'!P17 -> 8.7 | L50: ='emission data'!Q17 -> 1.8
A51: Balsari et al. (2008b) | B51: screw press | C51: cattle | D51: raw | E51: 4 | J51: ='emission data'!O18 -> 7.1 | K51: ='emission data'!P18 -> 7.5 | L51: ='emission data'!Q18 -> 1.5
A52: Balsari et al. (2008b) | B52: screw press | C52: cattle | D52: lf | E52: 4 | F52: =J52*H52/J51 -> 53.295775 | G52: =L52*H52/L51 -> 97.466667 | H52: 86 | I52: Table 2 and calculated | J52: ='emission data'!O19 -> 4.4 | K52: ='emission data'!P19 -> 7.8 | L52: ='emission data'!Q19 -> 1.7
A53: Balsari et al. (2008b) | B53: screw press | C53: cattle | D53: sf | E53: 4 | F53: =J53*H53/J51 -> 41.211268 | G53: =L53*H53/L51 -> 13.066667 | H53: 14 | I53: Table 2 and calculated | J53: ='emission data'!O20 -> 20.9 | K53: ='emission data'!P20 -> 8.2 | L53: ='emission data'!Q20 -> 1.4
A54: Cavalli et al. (2017) | B54: screw press | C54: digestate | D54: raw | E54: 1 | J54: 6.51 | K54: 8 | L54: 4.56
A55: Cavalli et al. (2017) | B55: screw press | C55: digestate | D55: lf | E55: 1 | F55: 68 | G55: 93 | H55: =(J54-J56)/(J55-J56)*100 -> 91.754554 | I55: Table 1 | J55: 4.79 | K55: 8 | L55: 5.1
A56: Cavalli et al. (2017) | B56: screw press | C56: digestate | D56: sf | E56: 1 | F56: 32 | G56: 7 | H56: =100-H55 -> 8.2454458 | I56: Table 1 | J56: 25.65 | K56: 9.6 | L56: 2.33
A57: Fournel et al. (2019) | B57: centrifuge | C57: cattle | D57: raw | E57: 1 | J57: 6.3 | K57: 7.07 | L57: 2.53
A58: Fournel et al. (2019) | B58: centrifuge | C58: cattle | D58: lf | E58: 1 | F58: =J58*H58/J57 -> 59.106924 | G58: =L58*H58/L57 -> 139.87887 | H58: =(J57-J59)/(J58-J59)*100 -> 92.400402 | I58: table 6, wk 1 | J58: 4.03 | K58: 7.5 | L58: 3.83
A59: Fournel et al. (2019) | B59: centrifuge | C59: cattle | D59: sf | E59: 1 | F59: 35.83 | G59: =L59*H59/L57 -> 0.90113813 | H59: =100-H58 -> 7.5995983 | I59: table 6, wk 1 | J59: 33.9 | K59: 8.7 | L59: 0.3
A60: Fournel et al. (2019) | B60: screw press | C60: cattle | D60: raw | E60: 3 | J60: 6.17 | K60: 7.03 | L60: 2.63
A61: Fournel et al. (2019) | B61: screw press | C61: cattle | D61: lf | E61: 3 | F61: =J61*H61/J60 -> 76.571257 | G61: =L61*H61/L60 -> 117.48243 | H61: =(J60-J62)/(J61-J62)*100 -> 94.488931 | I61: table 6, wk 1 | J61: 5 | K61: 7.13 | L61: 3.27
A62: Fournel et al. (2019) | B62: screw press | C62: cattle | D62: sf | E62: 3 | F62: 28 | G62: =L62*H62/L60 -> 11.881279 | H62: =100-H61 -> 5.5110692 | I62: table 6, wk 1 | J62: 26.23 | K62: 8.47 | L62: 5.67
A63: Fournel et al. (2019) | B63: centrifuge | C63: cattle | D63: raw | E63: 4 | J63: 7.8 | K63: 6.97 | L63: 2.23
A64: Fournel et al. (2019) | B64: centrifuge | C64: cattle | D64: lf | E64: 4 | F64: =J64*H64/J63 -> 47.616357 | G64: =L64*H64/L63 -> 158.67576 | H64: =(J63-J65)/(J64-J65)*100 -> 87.803211 | I64: table 6, wk 2 | J64: 4.23 | K64: 7.39 | L64: 4.03
A65: Fournel et al. (2019) | B65: centrifuge | C65: cattle | D65: sf | E65: 4 | F65: 49.13 | G65: =L65*H65/L63 -> 2.1877648 | H65: =100-H64 -> 12.196789 | I65: table 6, wk 2 | J65: 33.5 | K65: 8.47 | L65: 0.4
A66: Fournel et al. (2019) | B66: screw press | C66: cattle | D66: raw | E66: 6 | J66: 7.8 | K66: 7 | L66: 2.17
A67: Fournel et al. (2019) | B67: screw press | C67: cattle | D67: lf | E67: 6 | F67: =J67*H67/J66 -> 57.577347 | G67: =L67*H67/L66 -> 138.10603 | H67: =(J66-J68)/(J67-J68)*100 -> 86.36602 | I67: table 6, wk 2 | J67: 5.2 | K67: 7.07 | L67: 3.47
A68: Fournel et al. (2019) | B68: screw press | C68: cattle | D68: sf | E68: 6 | F68: 42.67 | G68: =L68*H68/L66 -> 3.3299583 | H68: =100-H67 -> 13.63398 | I68: table 6, wk 2 | J68: 24.27 | K68: 8.5 | L68: 0.53
A69: Gooch et al. (2005) | B69: screw press | C69: digestate | D69: raw | E69: 1 | J69: 8.32 | L69: 0.28 | M69: very low TAN concentrations compared to Danish conditions
A70: Gooch et al. (2005) | B70: screw press | C70: digestate | D70: lf | E70: 1 | F70: 51.8 | G70: 81.3 | H70: =9200/13300*100 -> 69.172932 | I70: Table 9, Farm AA-1, mass separation calculated from table 4 | J70: 5.06 | L70: 0.27 | M70: very low TAN concentrations compared to Danish conditions
A71: Gooch et al. (2005) | B71: screw press | C71: digestate | D71: sf | E71: 1 | F71: 46.5 | G71: 14.5 | H71: =100-H70 -> 30.827068 | I71: Table 9, Farm AA-1 | J71: 24.6 | L71: 0.26 | M71: very low TAN concentrations compared to Danish conditions
A72: Gooch et al. (2005) | B72: screw press | C72: digestate | D72: raw | E72: 2 | J72: 7.45 | L72: 0.22 | M72: very low TAN concentrations compared to Danish conditions
A73: Gooch et al. (2005) | B73: screw press | C73: digestate | D73: lf | E73: 2 | F73: 39.9 | G73: 87.5 | H73: =9060/12700*100 -> 71.338583 | I73: Table 9, Farm AA-2, mass separation calculated from table 4 | J73: 4.06 | L73: 0.23 | M73: very low TAN concentrations compared to Danish conditions
A74: Gooch et al. (2005) | B74: screw press | C74: digestate | D74: sf | E74: 2 | F74: 55.7 | G74: 13.8 | H74: =100-H73 -> 28.661417 | I74: Table 9, Farm AA-2 | J74: 23.7 | L74: 0.2 | M74: very low TAN concentrations compared to Danish conditions
A75: Gooch et al. (2005) | B75: screw press | C75: digestate | D75: raw | E75: 3 | J75: 5.5 | L75: 0.13 | M75: very low TAN concentrations compared to Danish conditions
A76: Gooch et al. (2005) | B76: screw press | C76: digestate | D76: lf | E76: 3 | F76: 93.8 | G76: 93.3 | H76: =25200/25500*100 -> 98.823529 | I76: Table 9, Farm ML, mass separation calculated from table 4 | J76: 5.19 | L76: 0.12 | M76: very low TAN concentrations compared to Danish conditions
A77: Gooch et al. (2005) | B77: screw press | C77: digestate | D77: sf | E77: 3 | F77: 3.9 | G77: 0.7 | H77: =100-H76 -> 1.1764706 | I77: Table 9, Farm ML | J77: 29.3 | L77: 0.12 | M77: very low TAN concentrations compared to Danish conditions
A78: Gooch et al. (2005) | B78: screw press | C78: cattle | D78: raw | E78: 4 | J78: 9.96 | L78: 0.23 | M78: very low TAN concentrations compared to Danish conditions
A79: Gooch et al. (2005) | B79: screw press | C79: cattle | D79: lf | E79: 4 | F79: 38.3 | G79: 77.1 | H79: =1555/2010*100 -> 77.363184 | I79: Table 9, Farm FA, mass separation calculated from table 4 | J79: 4.93 | L79: 0.22 | M79: very low TAN concentrations compared to Danish conditions
A80: Gooch et al. (2005) | B80: screw press | C80: cattle | D80: sf | E80: 4 | F80: 70.5 | G80: 20.2 | H80: =100-H79 -> 22.636816 | I80: Table 9, Farm FA | J80: 25.3 | L80: 0.16 | M80: very low TAN concentrations compared to Danish conditions
A81: Holly et al. (2017) | B81: screw press | C81: digestate | D81: raw | E81: 1 | J81: 5.1 | K81: 7.7 | L81: 1.488
A82: Holly et al. (2017) | B82: screw press | C82: digestate | D82: lf | E82: 1 | F82: =J82*H82/J81 -> 53.308824 | G82: =L82*H82/L81 -> 96.018145 | H82: =(J81-J83)/(J82-J83)*100 -> 93.75 | I82: calculated from values in Table 1 | J82: 2.9 | K82: 7.8 | L82: 1.524
A83: Holly et al. (2017) | B83: screw press | C83: digestate | D83: sf | E83: 1 | F83: =J83*H83/J81 -> 46.691176 | G83: =L83*H83/L81 -> 1.3734879 | H83: =100-H82 -> 6.25 | I83: calculated from values in Table 1 | J83: 38.1 | K83: 9.2 | L83: 0.327
A84: Holly et al. (2017) | B84: screw press | C84: cattle | D84: raw | E84: 2 | J84: 2.7 | K84: 6.8 | L84: 0.771
A85: Holly et al. (2017) | B85: screw press | C85: cattle | D85: lf | E85: 2 | F85: =J85*H85/J84 -> 76.466916 | G85: =L85*H85/L84 -> 102.52262 | H85: =(J84-J86)/(J85-J86)*100 -> 98.314607 | I85: calculated from values in Table 1 | J85: 2.1 | K85: 6.6 | L85: 0.804
A86: Holly et al. (2017) | B86: screw press | C86: cattle | D86: sf | E86: 2 | F86: =J86*H86/J84 -> 23.533084 | G86: =L86*H86/L84 -> 0.16176278 | H86: =100-H85 -> 1.6853933 | I86: calculated from values in Table 1 | J86: 37.7 | K86: 8.9 | L86: 0.074
A87: Højgaards (2009) | B87: screw press | C87: cattle | D87: raw | E87: 1 | I87: Email from Tonny Højgaard to anna@bce.au.dk the 19th of January 2022 forwarded jp@bce.au.dk the 24th of January 2022, test performed September 2009. Dataset on sheet 1. | J87: 7.98 | L87: 1.7
A88: Højgaards (2009) | B88: screw press | C88: cattle | D88: lf | E88: 1 | F88: 46 | G88: 86 | H88: 87 | I88: Email from Tonny Højgaard to anna@bce.au.dk the 19th of January 2022 forwarded jp@bce.au.dk the 24th of January 2022, test performed September 2009. Dataset on sheet 1. | J88: 4.25 | L88: 1.68
A89: Højgaards (2009) | B89: screw press | C89: cattle | D89: sf | E89: 1 | F89: 54 | G89: 15 | H89: 13 | I89: Email from Tonny Højgaard to anna@bce.au.dk the 19th of January 2022 forwarded jp@bce.au.dk the 24th of January 2022, test performed September 2009. Dataset on sheet 1. | J89: 32.8 | L89: 1.9
A90: Højgaards (2009) | B90: screw press | C90: cattle | D90: raw | E90: 2 | I90: Email from Tonny Højgaard to anna@bce.au.dk the 19th of January 2022 forwarded jp@bce.au.dk the 24th of January 2022, test performed September 2009. Dataset on sheet 2. | J90: 7.98 | L90: 1.7
A91: Højgaards (2009) | B91: screw press | C91: cattle | D91: lf | E91: 2 | F91: 56 | G91: 84 | H91: 90 | I91: Email from Tonny Højgaard to anna@bce.au.dk the 19th of January 2022 forwarded jp@bce.au.dk the 24th of January 2022, test performed September 2009. Dataset on sheet 2. | J91: 4.97 | L91: 1.6
A92: Højgaards (2009) | B92: screw press | C92: cattle | D92: sf | E92: 2 | F92: 44 | G92: 12 | H92: 10 | I92: Email from Tonny Højgaard to anna@bce.au.dk the 19th of January 2022 forwarded jp@bce.au.dk the 24th of January 2022, test performed September 2009. Dataset on sheet 2. | J92: 33.8 | L92: 1.9
A93: Højgaards (2009) | B93: screw press | C93: cattle | D93: raw | E93: 3 | I93: Email from Tonny Højgaard to anna@bce.au.dk the 19th of January 2022 forwarded jp@bce.au.dk the 24th of January 2022, test performed September 2009. Dataset on sheet 3. | J93: 7.98 | L93: 1.7
A94: Højgaards (2009) | B94: screw press | C94: cattle | D94: lf | E94: 3 | F94: 53 | G94: 89 | H94: 87 | I94: Email from Tonny Højgaard to anna@bce.au.dk the 19th of January 2022 forwarded jp@bce.au.dk the 24th of January 2022, test performed September 2009. Dataset on sheet 3. | J94: 4.89 | L94: 1.74
A95: Højgaards (2009) | B95: screw press | C95: cattle | D95: sf | E95: 3 | F95: 47 | G95: 14 | H95: 13 | I95: Email from Tonny Højgaard to anna@bce.au.dk the 19th of January 2022 forwarded jp@bce.au.dk the 24th of January 2022, test performed September 2009. Dataset on sheet 3. | J95: 28.7 | L95: 1.85
A96: Højgaards (2009) | B96: screw press | C96: cattle | D96: raw | E96: 4 | I96: Email from Tonny Højgaard to anna@bce.au.dk the 19th of January 2022 forwarded jp@bce.au.dk the 24th of January 2022, test performed September 2009. Dataset on sheet 4. | J96: 7.98 | L96: 1.7
A97: Højgaards (2009) | B97: screw press | C97: cattle | D97: lf | E97: 4 | F97: 53 | G97: 90 | H97: 83 | I97: Email from Tonny Højgaard to anna@bce.au.dk the 19th of January 2022 forwarded jp@bce.au.dk the 24th of January 2022, test performed September 2009. Dataset on sheet 4. | J97: 5.04 | L97: 1.84
A98: Højgaards (2009) | B98: screw press | C98: cattle | D98: sf | E98: 4 | F98: 47 | G98: 19 | H98: 17 | I98: Email from Tonny Højgaard to anna@bce.au.dk the 19th of January 2022 forwarded jp@bce.au.dk the 24th of January 2022, test performed September 2009. Dataset on sheet 4. | J98: 22.8 | L98: 1.9
A99: Højgaards (2020) | B99: screw press | C99: digestate | D99: raw | E99: 1 | J99: 6.9 | L99: 3.4 | M99: Email from Tonny Højgaard to jp@bce.au.dk the 27th of January 2022, test performed on the 6th of October 2020
A100: Højgaards (2020) | B100: screw press | C100: digestate | D100: lf | E100: 1 | F100: =J100*H100/J99 -> 71.468179 | G100: =L100*H100/L99 -> 90.306905 | H100: =(J99-J101)/(J100-J101)*100 -> 93.043478 | J100: 5.3 | L100: 3.3 | M100: Email from Tonny Højgaard to jp@bce.au.dk the 27th of January 2022, test performed on the 6th of October 2020
...
